home_team, away_team, home_team_fifa_rank, away_team_fifa_rank, neutral_location
28,136,8,14,0
216,28,22,8,0
161,44,67,19,0
196,70,4,12,0
9,161,5,67,0
162,161,70,67,0
31,196,37,4,0
60,25,35,59,0
206,77,31,1,0
136,164,16,22,1
53,101,74,71,0
3,153,30,18,0
180,104,44,43,1
98,180,64,46,1
101,13,66,34,0
98,104,64,44,1
12,9,61,9,0
13,196,34,8,0
184,87,84,62,0
129,133,75,144,1
181,88,63,132,1
136,77,17,3,0
78,61,37,26,0
78,206,37,32,0
18,82,114,143,0
129,32,70,127,0
202,153,69,18,0
49,155,42,4,1
136,31,16,31,1
191,165,5,20,0
206,147,32,7,0
167,69,54,45,0
181,129,56,70,0
156,69,97,45,0
61,142,26,30,1
213,142,51,30,0
180,44,38,21,0
130,206,83,32,0
191,164,5,28,0
187,206,134,32,1
44,196,20,10,1
129,78,61,35,0
142,69,28,41,0
227,226,46,30,0
73,181,62,60,0
136,44,17,20,0
153,78,15,35,0
61,36,25,26,0
13,93,35,52,0
80,164,34,24,0
226,184,22,73,1
153,61,18,25,1
194,90,109,147,1
156,31,83,23,0
121,101,87,52,0
155,165,3,22,0
112,31,62,25,0
25,36,47,27,1
80,25,37,47,0
42,9,40,6,0
93,51,49,102,0
104,12,54,44,0
37,142,58,30,0
169,187,10,87,0
31,212,29,93,0
51,9,102,6,0
37,28,58,1,0
25,162,43,69,0
25,197,43,8,1
169,196,10,3,1
36,196,24,10,1
77,191,1,5,1
28,196,3,10,1
102,136,4,16,1
76,130,126,72,0
186,130,43,69,0
70,54,16,44,0
164,19,32,142,0
32,152,100,76,0
212,213,79,59,1
66,3,114,48,0
193,61,132,26,0
118,203,136,122,0
93,207,55,57,0
186,70,43,16,0
187,102,75,2,0
156,193,80,125,1
60,162,53,65,0
12,112,52,78,1
104,12,41,52,0
10,53,142,72,0
70,169,20,7,0
93,77,54,4,0
101,186,48,42,0
130,54,66,35,0
155,147,8,5,0
212,187,79,69,0
3,193,50,125,0
133,88,141,119,0
115,65,72,119,0
213,180,54,27,0
156,16,65,84,1
142,36,33,29,0
133,118,137,128,0
211,3,101,58,0
213,16,54,84,0
129,6,49,116,0
156,112,65,47,1
226,190,20,69,0
16,167,84,60,1
147,54,5,32,0
164,70,36,19,0
190,36,64,28,0
101,169,50,11,0
36,203,28,88,0
129,133,52,137,0
118,87,127,66,0
129,133,52,137,0
181,206,50,30,0
36,126,31,82,0
203,133,86,137,0
153,9,12,10,1
191,216,2,37,0
211,61,93,22,0
118,181,127,50,0
37,165,63,20,0
206,118,30,127,0
207,169,48,11,0
191,77,2,5,0
53,196,70,4,0
80,197,26,11,0
95,98,116,96,0
103,52,84,175,0
116,61,132,28,0
28,91,1,53,0
53,55,70,15,0
93,197,63,11,0
101,70,40,18,0
121,51,61,64,0
191,20,2,23,0
192,95,143,116,0
25,219,48,121,0
142,32,35,101,0
203,118,80,115,0
42,94,43,42,0
66,211,97,66,0
227,126,40,71,0
19,130,120,88,0
186,54,38,30,0
190,9,62,8,0
25,161,55,101,0
142,61,34,23,0
196,94,6,42,0
3,211,55,71,0
27,144,148,115,0
87,143,54,77,0
196,104,6,35,1
136,44,7,23,1
42,207,42,25,0
216,150,36,108,0
44,162,23,73,1
198,61,119,20,0
216,136,36,7,0
42,25,42,62,1
61,3,20,57,0
155,70,4,17,0
121,19,49,107,0
133,206,104,21,0
144,143,114,75,0
96,185,148,115,0
70,164,18,32,0
155,54,2,30,0
103,226,95,24,0
2,31,97,12,0
164,169,28,14,0
196,197,15,11,0
69,207,47,39,0
51,102,73,2,0
9,44,9,15,0
13,165,40,24,0
55,191,13,6,0
94,207,37,39,0
122,19,120,130,0
32,206,100,25,0
25,60,50,61,0
150,12,101,55,0
14,164,146,27,1
53,20,75,29,0
196,207,13,28,0
61,227,23,61,1
181,184,53,68,1
190,226,59,34,0
226,227,34,61,1
103,155,51,6,0
201,66,74,108,1
136,44,13,17,1
211,108,72,97,0
190,77,59,2,0
112,107,84,163,0
180,78,54,29,0
227,78,59,29,0
103,52,56,96,0
226,3,25,48,1
206,143,22,76,1
6,36,82,32,1
25,42,56,39,0
130,187,89,70,0
14,65,141,131,1
167,60,84,57,0
65,67,135,125,1
12,196,52,12,0
127,96,112,133,0
208,112,136,86,0
122,197,99,21,0
213,61,81,22,0
164,187,37,61,0
138,212,113,72,0
20,170,38,3,0
155,191,17,6,0
186,31,39,24,0
90,58,155,136,0
164,19,40,87,0
62,25,71,36,1
32,152,108,102,0
126,226,112,15,0
133,181,88,64,0
187,213,58,65,0
226,201,15,77,0
134,125,158,143,0
211,108,86,104,0
19,14,88,130,0
52,90,80,142,1
65,207,115,30,0
102,20,7,40,0
133,32,91,110,0
162,44,77,9,0
219,42,119,29,0
201,78,78,17,0
55,165,11,18,1
191,31,6,28,1
201,193,78,94,0
70,191,5,6,1
181,203,58,109,0
143,144,76,126,0
227,125,69,143,0
102,77,7,2,1
170,54,3,10,1
112,116,70,92,0
90,52,142,80,0
202,185,61,98,0
65,115,124,77,0
162,9,78,15,0
65,121,124,65,0
185,202,99,61,0
126,201,100,68,0
91,159,49,121,0
103,159,45,121,0
19,121,92,65,0
49,91,93,49,0
27,144,163,109,0
91,49,49,93,0
211,66,90,106,0
115,69,77,73,0
60,49,32,93,0
171,211,164,90,0
85,91,108,49,1
156,129,80,69,0
183,134,178,154,0
164,53,50,81,0
91,52,48,51,0
156,193,83,95,0
170,28,8,1,0
85,52,111,51,0
133,22,100,154,0
10,165,122,12,0
147,28,6,1,0
9,161,24,46,0
25,162,35,66,0
185,127,89,108,0
114,220,156,110,1
202,127,50,108,1
220,96,110,131,1
156,226,83,15,0
188,218,177,181,1
190,78,16,19,0
129,87,77,86,0
192,95,136,116,1
73,129,48,81,0
73,36,48,47,0
159,62,105,72,0
112,53,80,79,1
19,115,88,75,0
49,103,73,38,0
54,191,4,10,0
101,170,49,5,0
116,150,96,136,0
180,12,42,52,0
213,16,63,132,1
167,180,84,42,1
91,62,43,72,0
156,213,88,73,0
91,103,42,38,0
159,37,105,56,0
213,180,73,40,1
156,16,88,124,0
69,65,76,109,0
211,171,95,164,0
2,10,114,112,0
25,44,41,8,0
51,80,22,30,0
73,78,49,23,0
213,130,73,120,0
193,211,82,95,0
112,198,86,132,0
213,198,69,120,0
96,112,117,79,1
165,77,15,2,0
9,42,19,26,0
25,161,41,39,0
32,73,107,46,1
227,201,71,89,0
22,73,143,46,0
22,78,143,25,0
22,32,143,107,0
73,78,46,25,1
206,3,23,49,0
144,118,103,94,0
226,190,20,19,0
36,6,56,70,0
78,142,25,27,0
108,153,112,63,0
116,3,97,49,0
216,9,43,22,0
22,203,143,87,0
101,80,52,35,0
136,162,11,54,1
227,78,71,25,0
49,186,72,30,0
106,116,146,97,0
116,106,97,146,0
202,104,57,21,0
202,196,57,17,0
25,42,39,26,0
103,219,32,111,0
207,69,31,79,0
121,164,48,53,1
181,129,58,67,0
80,165,35,13,0
96,227,119,71,1
22,3,143,49,0
66,61,108,28,0
127,185,96,92,0
134,226,150,20,0
201,118,89,94,0
62,85,74,106,0
49,136,66,11,0
127,180,97,36,0
146,123,152,175,1
159,21,103,182,0
85,60,106,35,0
51,55,25,4,0
53,170,77,8,0
18,82,111,127,1
51,187,25,89,0
162,60,45,35,0
164,102,56,10,0
184,78,86,38,0
37,62,48,74,0
95,78,121,38,0
106,213,144,64,1
126,143,86,79,0
62,85,77,102,1
96,225,115,151,0
116,185,93,101,0
85,49,102,57,0
35,96,186,115,0
37,103,55,37,0
85,49,102,57,0
91,62,50,77,1
227,6,49,74,0
155,69,18,69,0
198,119,113,184,0
212,10,48,110,0
196,164,20,57,0
201,144,98,96,0
96,217,109,104,0
70,28,4,1,0
203,32,77,106,0
181,3,68,59,0
212,77,51,2,0
6,36,66,41,0
60,42,40,27,0
61,206,33,24,0
93,155,74,15,0
102,28,6,1,1
216,44,54,11,0
219,25,113,32,0
9,60,21,40,1
70,102,4,6,0
94,121,76,49,0
51,207,28,42,1
225,96,142,109,0
9,161,21,22,1
136,49,12,53,1
36,73,45,64,0
143,226,82,18,0
104,156,17,98,0
103,82,37,119,1
201,226,100,18,0
126,27,84,161,0
219,60,111,38,0
143,144,72,80,0
36,108,46,102,0
73,144,61,80,0
36,226,46,19,1
126,201,88,96,0
49,62,54,73,0
203,6,77,59,0
115,14,75,125,0
93,197,72,64,0
144,226,80,19,0
128,17,183,138,1
62,44,73,10,1
77,165,4,30,0
128,95,183,118,1
76,102,99,8,0
213,104,67,18,0
107,217,121,82,0
16,41,113,190,1
119,106,171,123,0
201,226,93,19,0
108,226,99,19,1
107,104,121,18,0
155,44,8,9,0
69,93,61,71,0
80,55,41,5,0
147,207,4,39,0
217,104,82,18,0
9,216,10,47,0
37,136,59,11,0
104,213,20,60,0
170,102,9,16,0
213,217,60,83,0
62,103,70,40,0
136,49,10,56,0
212,51,51,29,0
9,44,13,11,0
103,136,40,10,0
191,169,3,5,0
133,181,135,82,1
87,129,67,88,1
129,184,88,79,1
180,94,34,74,0
190,54,35,4,1
12,28,32,1,1
226,153,20,71,0
143,117,66,150,0
32,129,106,80,0
117,27,149,162,0
78,143,57,67,0
202,61,54,32,0
103,196,39,18,0
85,62,83,64,1
28,103,1,39,1
150,42,120,16,0
28,85,1,83,1
53,69,82,60,0
130,2,133,116,0
187,186,95,34,1
190,6,31,58,1
226,142,21,15,1
2,115,116,75,1
36,87,53,65,1
6,144,58,86,1
80,170,42,22,0
103,153,33,67,0
70,155,6,10,0
11,194,177,149,0
136,161,4,30,0
20,155,31,10,0
35,163,158,175,1
44,161,17,30,1
20,169,32,22,0
42,44,6,13,0
196,70,27,25,0
206,76,26,57,0
6,226,59,19,0
103,180,31,38,1
39,52,166,85,0
94,180,76,38,1
65,14,103,122,0
104,161,11,29,0
190,226,24,23,0
42,216,9,38,0
104,54,12,3,0
69,77,61,2,0
147,36,25,49,0
76,170,52,16,0
144,6,76,56,0
180,136,34,4,1
42,142,9,13,1
94,190,72,24,1
108,183,93,180,0
142,155,13,7,1
36,13,49,31,1
102,42,14,9,1
161,31,29,35,1
147,20,25,36,1
42,13,9,31,1
190,55,24,27,1
191,161,15,29,1
20,136,36,4,1
42,36,9,49,1
5,14,185,123,1
190,180,24,34,1
147,136,25,4,1
169,206,22,21,1
65,121,104,45,0
171,201,172,95,0
126,143,97,69,0
126,143,97,69,0
211,108,118,92,0
143,6,75,57,0
126,227,100,71,0
27,143,158,75,0
117,134,136,157,0
226,144,24,81,0
22,152,135,155,0
121,138,55,133,0
171,211,172,118,0
13,70,24,2,0
155,169,11,13,0
186,69,33,63,0
32,203,62,79,0
127,114,99,137,1
220,185,98,92,0
32,181,62,73,0
13,101,24,42,0
19,55,106,17,0
48,204,192,175,0
77,169,3,13,1
94,70,70,2,0
80,187,51,95,0
218,160,186,171,0
112,116,53,107,0
68,188,160,140,1
16,119,134,151,1
198,156,114,104,0
167,193,75,116,0
65,61,90,19,0
156,226,106,23,0
108,125,86,152,0
32,153,67,68,0
10,94,109,65,0
121,67,61,121,0
147,78,9,60,0
93,169,59,13,0
155,2,16,108,0
197,55,77,18,0
116,198,110,101,1
167,32,75,67,0
116,193,110,116,1
156,32,108,72,0
16,180,137,30,0
31,3,45,69,0
167,213,56,58,1
206,227,26,75,0
16,167,137,56,0
167,180,56,30,1
16,156,137,108,0
192,128,141,175,0
95,217,125,99,0
2,80,109,54,0
61,155,23,14,0
77,147,3,9,0
102,191,8,15,0
122,20,147,34,0
92,220,139,96,0
202,208,51,146,0
112,61,24,28,0
65,155,90,14,1
64,36,189,41,0
134,190,148,26,0
181,32,95,75,0
87,142,79,13,0
49,60,69,61,0
66,108,136,96,0
44,77,27,5,1
69,164,53,29,1
102,155,4,13,0
103,49,39,69,0
165,147,17,8,1
85,42,76,20,0
73,32,83,84,0
227,226,75,37,0
89,18,167,120,0
118,3,97,77,0
181,153,88,64,0
25,103,59,39,1
14,65,102,93,1
85,62,76,86,1
70,212,2,35,0
76,187,54,79,0
169,186,10,25,0
219,44,126,28,0
102,19,4,93,0
115,80,66,34,0
147,9,8,6,0
186,93,25,47,0
212,94,35,56,0
134,6,130,59,0
136,60,12,55,0
219,44,126,28,0
95,17,115,155,0
192,128,142,167,1
25,42,52,21,0
51,102,6,4,0
55,190,17,27,0
80,197,35,51,0
115,2,66,92,0
187,69,73,57,0
82,194,125,160,1
144,129,83,81,0
103,190,39,27,0
170,19,33,89,0
20,162,27,66,1
129,181,74,87,0
104,20,41,27,0
28,147,1,9,0
32,181,77,87,0
104,162,41,66,0
10,212,90,22,0
136,9,13,7,1
138,69,100,57,0
197,102,51,4,0
51,61,6,35,1
44,162,32,66,0
6,190,62,28,0
125,108,133,100,0
134,73,127,71,1
156,150,92,107,0
9,121,8,50,0
161,25,21,53,0
227,61,83,39,0
106,98,131,108,0
121,96,50,112,1
25,104,53,42,1
61,150,39,107,1
156,108,87,100,0
25,61,53,38,1
34,211,134,108,1
66,193,140,117,1
136,61,11,38,0
180,25,40,53,1
171,201,178,123,0
53,169,67,10,0
55,147,17,13,0
93,138,50,100,0
196,13,15,20,0
212,31,25,34,0
25,219,52,110,0
153,78,75,44,0
2,115,95,63,0
120,93,133,50,0
147,20,13,33,0
212,70,25,2,0
76,115,65,63,0
138,207,100,40,0
169,165,10,12,0
226,180,31,36,1
180,190,39,31,0
144,6,84,56,0
37,52,94,81,1
62,90,93,106,1
19,102,100,8,0
77,207,5,35,0
147,28,14,1,0
170,212,19,27,0
216,60,41,60,0
85,161,71,18,0
136,44,11,26,1
92,96,140,100,0
136,60,11,61,1
98,65,94,72,1
213,65,63,72,0
206,226,33,34,0
25,161,57,18,1
208,65,125,72,1
213,98,63,94,0
32,203,73,90,0
147,54,16,2,0
191,28,4,1,0
212,187,28,43,0
116,130,109,120,0
95,17,110,135,1
162,91,45,77,0
126,171,113,159,0
126,171,113,159,0
80,78,34,55,0
80,65,34,73,0
142,181,24,83,0
49,91,64,69,0
32,73,71,74,0
85,10,73,85,1
32,36,71,58,0
181,36,79,58,0
78,36,50,57,0
85,159,73,139,0
206,142,28,25,1
226,32,36,74,1
94,155,44,7,1
226,181,36,79,1
190,3,31,86,1
155,196,7,16,1
39,103,150,41,0
130,5,116,146,0
5,14,146,97,1
92,185,119,104,0
12,186,90,21,1
49,37,64,80,1
90,162,99,42,1
12,31,90,37,1
136,85,10,73,1
213,187,57,41,1
202,69,65,55,0
20,165,33,15,0
51,191,9,4,0
116,106,111,116,0
18,82,114,122,0
198,106,109,116,0
106,116,116,111,0
226,126,38,115,0
106,198,116,109,0
219,25,113,69,0
106,198,112,111,0
166,11,187,192,0
39,52,149,81,0
16,106,139,112,0
201,126,132,117,0
44,28,17,1,0
13,196,30,16,0
20,147,33,19,0
51,77,9,5,0
93,164,50,32,0
101,76,29,65,0
197,155,52,6,0
88,203,174,86,0
167,106,106,112,0
183,144,193,87,0
211,87,108,93,0
22,181,142,79,0
64,153,168,51,0
68,188,140,150,0
194,52,154,75,0
211,108,112,107,0
108,126,107,114,0
118,41,108,169,0
10,76,91,64,0
25,44,69,17,0
42,162,23,39,0
77,197,5,55,0
122,65,132,77,0
164,69,34,49,0
128,192,149,159,0
17,95,135,111,1
128,17,149,135,0
52,18,75,110,0
62,85,92,74,0
87,133,97,166,1
129,133,81,166,1
106,116,104,114,1
85,21,74,189,1
116,180,114,46,0
186,180,26,46,0
106,98,104,87,0
106,116,104,114,0
52,90,75,82,0
93,180,54,46,0
98,198,87,97,1
170,186,23,26,0
117,143,152,106,1
55,20,13,30,0
196,191,16,4,0
14,76,105,64,0
27,117,156,152,1
181,226,77,37,0
181,226,77,37,0
12,161,92,17,0
37,52,59,73,0
104,186,57,25,0
12,161,92,17,0
77,169,6,11,1
196,207,16,35,1
3,181,75,79,0
126,32,109,81,0
144,142,88,26,0
125,134,140,125,0
187,155,46,7,1
28,216,1,43,0
206,3,27,75,0
103,52,55,73,0
181,61,79,33,0
159,37,119,55,0
60,44,66,17,0
216,162,35,44,0
25,161,72,19,0
159,60,122,65,0
127,150,112,96,0
2,53,90,63,0
9,161,3,16,0
93,13,53,42,0
169,164,12,44,0
186,51,27,15,0
197,80,62,32,0
220,192,104,153,0
96,98,99,87,0
20,51,28,15,0
155,10,9,88,0
3,32,77,75,0
34,6,146,47,0
67,187,119,41,0
93,102,53,6,0
108,206,109,26,0
117,78,137,50,0
116,213,110,59,0
167,112,92,71,0
181,203,85,90,0
108,117,108,139,0
70,36,2,34,0
167,202,92,57,0
125,153,115,54,0
190,70,23,2,0
196,207,21,30,0
6,3,51,80,0
13,191,39,5,0
55,31,20,55,0
130,54,121,4,0
186,196,26,21,0
187,197,33,61,0
112,96,74,103,1
167,217,96,66,1
116,98,111,89,0
127,35,106,181,0
180,167,47,96,1
116,202,111,63,0
104,167,49,96,1
220,127,110,106,1
213,92,59,126,0
25,216,66,36,0
37,136,63,11,0
206,197,25,59,0
211,66,103,141,0
56,189,192,195,1
142,119,28,120,0
64,171,164,127,1
203,32,81,69,0
144,125,87,114,0
211,181,103,88,0
87,203,80,81,0
185,202,101,61,0
61,142,30,28,0
87,126,82,114,0
103,31,47,54,0
116,98,110,81,0
196,67,24,118,0
185,112,101,72,0
220,17,99,151,1
76,212,66,36,0
196,167,24,100,1
213,142,64,28,0
17,140,144,196,1
159,85,121,57,0
119,203,115,82,0
142,181,28,89,0
144,61,86,34,0
3,186,80,21,0
49,91,56,47,0
80,170,43,20,0
147,207,8,30,0
85,62,57,84,0
91,162,47,46,1
106,93,104,49,0
116,198,110,102,0
136,28,12,1,0
117,143,133,114,0
78,153,58,51,0
203,6,82,55,0
61,65,33,69,0
167,127,86,108,0
14,138,117,97,0
73,108,94,106,0
93,121,47,89,0
170,187,19,40,0
207,186,29,23,0
212,19,38,99,0
226,153,51,52,0
53,65,62,69,0
54,55,6,24,0
165,147,4,9,0
116,16,110,114,0
90,159,88,123,0
194,18,166,107,0
90,159,88,123,0
156,193,101,120,0
35,128,172,152,0
95,225,121,161,0
98,107,85,124,0
226,6,54,53,0
219,44,113,15,0
25,9,70,3,0
28,162,1,50,0
51,80,17,46,0
54,20,6,27,0
93,69,48,58,0
103,91,45,49,0
107,98,124,85,0
115,178,94,166,0
138,65,99,64,0
169,186,12,25,0
217,106,74,109,0
225,95,161,121,0
184,78,135,60,0
106,217,109,74,0
65,69,64,58,0
157,192,192,155,1
90,194,89,153,1
198,156,91,94,0
90,52,89,81,1
85,21,59,187,1
163,114,177,171,0
49,85,54,59,1
91,62,49,93,0
62,85,93,59,1
202,116,62,111,0
62,159,93,124,1
10,19,95,88,0
37,28,71,2,1
69,77,57,9,0
73,206,99,31,0
108,142,104,26,0
212,155,40,17,0
226,144,56,87,0
34,32,132,74,0
49,62,54,93,1
118,190,78,22,0
104,28,44,2,0
10,164,95,23,0
94,31,55,43,0
101,191,47,6,0
155,19,17,88,0
108,61,104,35,0
119,6,115,54,0
32,190,69,24,0
91,60,51,44,1
162,161,57,10,1
226,36,58,38,0
161,136,10,15,1
216,49,40,47,1
52,103,82,45,0
3,61,72,38,0
6,203,56,65,0
159,52,112,82,0
213,98,67,74,0
167,16,90,118,0
42,25,31,69,0
65,53,80,76,0
94,164,52,24,0
155,207,21,36,0
170,80,20,57,0
187,169,41,11,0
167,156,90,91,0
180,16,29,118,0
121,102,95,4,0
44,60,6,47,0
16,202,117,62,0
156,213,91,64,0
167,98,88,69,0
6,227,53,65,0
202,98,63,72,0
167,217,83,65,0
77,69,12,52,0
164,212,27,33,0
169,76,15,59,0
49,136,29,10,0
104,153,28,40,1
161,9,11,3,0
216,44,21,7,0
202,16,63,112,0
213,156,58,92,0
101,13,50,53,0
60,216,39,23,0
104,102,26,4,0
129,22,117,158,0
55,147,17,7,0
212,77,44,14,0
12,70,48,1,0
42,60,37,39,0
65,107,80,107,0
162,25,45,81,0
164,36,28,38,0
169,187,15,27,0
216,9,23,3,0
156,112,92,74,0
3,78,75,58,0
16,156,111,92,0
64,189,171,197,1
62,90,88,82,1
171,108,142,105,0
129,78,112,59,0
112,198,74,90,0
22,203,152,71,0
167,61,80,41,0
112,198,74,90,0
2,69,96,46,1
112,94,74,52,1
52,85,76,67,0
129,226,112,64,0
61,32,41,78,0
180,112,32,76,0
129,118,108,73,0
190,32,33,78,1
142,78,36,61,1
226,206,63,28,1
112,16,76,110,1
129,153,108,40,0
190,78,33,61,1
118,3,73,74,1
16,156,110,90,1
181,206,68,28,1
130,121,131,97,0
51,31,21,52,0
80,196,59,17,0
122,2,145,97,0
161,25,14,71,0
191,165,7,4,0
192,157,146,182,0
192,157,146,182,0
153,161,32,15,1
9,36,2,19,1
51,187,23,28,0
130,5,123,142,0
196,197,16,62,0
206,155,29,30,0
192,128,146,149,0
225,66,138,139,0
13,36,60,18,0
20,186,22,49,0
60,190,36,37,1
70,170,1,24,0
80,54,54,14,0
102,216,6,21,0
104,49,33,27,0
122,120,146,152,0
155,196,31,17,0
165,28,5,2,0
104,91,33,26,0
219,44,83,4,0
20,3,22,78,0
155,94,33,56,0
104,196,32,19,0
161,190,18,37,1
104,20,32,23,0
55,181,20,42,1
70,216,1,24,1
49,207,29,22,1
206,20,31,23,1
181,216,42,24,1
196,9,19,3,1
136,102,7,6,1
143,6,129,58,0
65,14,85,116,0
160,188,180,139,1
115,14,96,116,0
107,65,102,85,0
126,227,114,63,0
66,211,133,121,1
108,211,104,121,0
106,108,96,97,0
106,193,96,119,0
31,77,58,5,0
93,191,71,3,0
164,20,37,18,0
170,196,30,20,0
206,70,39,4,0
171,108,132,97,0
211,226,114,66,0
95,103,130,57,1
10,212,100,43,0
51,65,26,78,0
115,196,102,20,0
155,55,35,12,0
6,153,64,28,0
3,211,74,108,0
227,226,60,65,0
2,197,95,55,0
165,206,11,39,0
181,153,32,30,0
196,93,22,64,0
226,22,65,145,0
49,60,25,31,0
104,103,27,58,0
191,161,3,16,0
18,103,112,60,1
185,96,120,105,0
54,196,15,25,0
60,49,32,26,0
93,138,58,113,0
102,207,11,8,0
153,103,27,52,0
186,212,54,46,0
206,61,39,40,0
16,98,105,50,1
153,61,27,40,0
192,220,140,120,0
34,64,137,166,1
192,220,140,120,0
201,193,152,106,0
108,34,86,137,1
201,64,152,166,0
180,116,38,112,0
96,220,110,108,0
61,78,39,61,0
127,114,128,170,1
185,202,118,66,0
116,16,119,105,1
225,180,145,38,1
96,202,110,66,0
95,192,127,139,1
62,85,99,80,1
62,85,99,80,1
18,69,101,43,0
213,155,91,25,0
51,164,32,33,0
76,138,92,114,0
130,107,123,120,0
136,44,9,37,1
207,212,7,45,0
49,85,21,80,1
159,91,130,40,0
202,167,54,63,0
101,138,45,114,0
52,103,72,51,0
201,211,155,108,0
108,211,80,108,0
227,126,58,99,0
171,226,125,68,0
13,80,57,48,0
34,32,137,79,0
136,161,8,18,1
104,216,25,27,0
6,3,80,67,0
53,101,86,43,0
77,121,5,106,0
147,54,6,15,0
164,93,33,56,0
171,211,126,108,0
184,142,136,35,0
212,191,47,2,0
92,17,141,147,0
119,27,96,132,0
19,217,75,100,0
65,31,65,46,0
76,197,93,41,0
91,161,39,18,0
24,140,200,189,0
91,44,40,35,1
136,28,9,1,0
147,165,5,12,0
186,80,53,46,0
190,103,31,50,0
117,126,126,104,0
211,193,109,110,0
193,108,110,78,0
73,6,125,86,0
133,108,182,78,0
165,161,14,19,0
31,20,35,16,0
101,187,40,36,1
197,170,43,25,0
44,60,39,33,1
60,162,33,81,1
104,161,23,19,0
155,169,24,27,0
153,6,32,86,0
226,193,69,110,0
78,211,67,109,0
129,227,74,55,0
28,207,1,8,1
91,62,42,85,0
68,218,149,162,0
160,204,169,183,1
188,218,150,162,1
65,115,62,79,0
133,203,179,86,0
41,3,165,68,0
9,216,4,31,0
44,85,22,65,1
136,91,11,42,0
122,130,153,132,0
20,147,18,4,0
44,186,22,55,1
55,69,12,45,0
120,178,147,163,0
206,87,44,109,0
162,85,71,64,0
9,42,6,73,0
94,77,56,10,0
55,169,15,19,0
101,130,42,131,1
106,198,79,93,0
167,112,80,96,0
127,96,117,92,0
180,198,49,100,0
127,98,117,75,0
53,187,89,33,0
125,22,115,126,0
169,104,20,24,0
201,108,157,74,0
206,142,42,36,0
213,217,105,110,0
34,73,139,123,0
127,16,117,109,0
96,225,92,147,1
213,208,111,148,0
171,227,104,48,1
73,32,108,69,0
92,200,136,180,1
217,200,109,180,0
51,187,20,29,0
126,66,100,133,0
144,171,138,104,0
165,80,17,26,0
226,183,65,168,0
64,193,155,106,0
117,27,121,116,0
162,28,72,1,0
28,216,1,20,0
44,9,41,4,0
60,162,36,68,0
104,36,28,14,0
136,94,5,60,1
207,115,7,56,0
198,208,85,122,0
114,192,168,144,0
211,108,104,75,1
16,98,72,44,0
213,14,90,119,0
180,65,26,68,0
112,116,48,115,1
167,98,65,43,0
213,108,75,72,0
112,156,48,62,0
16,167,64,65,1
225,156,132,62,1
180,167,26,65,1
213,167,75,65,1
112,180,48,26,0
61,32,32,72,0
36,3,14,63,1
181,32,33,72,1
62,159,96,125,0
171,87,109,102,1
90,151,93,174,1
206,87,45,102,0
181,129,33,51,1
36,61,14,32,1
142,190,38,36,1
130,138,128,108,0
91,44,50,41,0
102,54,10,8,0
119,212,82,63,0
136,42,5,81,1
217,98,84,44,0
219,12,56,83,0
151,90,173,94,0
52,159,74,125,0
127,96,116,97,0
58,7,173,198,0
16,106,58,47,0
31,170,37,29,0
51,207,20,9,0
103,91,48,50,0
147,70,4,2,0
161,28,26,1,0
186,13,51,71,0
200,16,135,58,0
91,159,50,127,0
193,198,107,89,0
42,162,71,81,0
65,2,68,93,0
78,6,84,90,0
91,60,52,41,1
101,138,50,104,0
102,191,11,3,0
115,94,52,60,0
144,27,144,113,0
165,196,17,21,0
212,186,65,55,0
226,227,77,49,0
48,177,191,181,1
160,218,178,162,1
62,90,101,86,1
227,226,48,80,0
53,106,97,43,0
52,82,77,145,0
70,28,2,1,0
203,22,99,125,0
13,170,73,30,0
116,16,109,60,0
143,27,128,113,0
129,142,45,32,0
171,211,98,101,0
181,87,31,92,1
3,106,53,43,0
65,55,71,14,0
96,95,95,139,0
3,6,53,87,0
73,227,118,48,0
126,142,106,32,0
9,161,5,25,0
12,188,89,154,0
42,28,77,1,0
115,14,52,116,0
162,219,81,49,0
52,49,80,26,0
90,103,88,51,1
194,85,154,87,0
197,51,47,20,1
55,102,15,10,1
78,203,89,94,0
77,147,8,5,1
80,191,35,3,1
51,70,20,2,1
102,196,10,18,1
119,36,82,12,0
115,77,53,8,1
129,226,46,77,0
22,193,122,105,0
23,62,164,104,0
49,52,26,80,0
227,3,48,52,0
55,196,15,18,1
73,6,122,85,0
126,87,101,92,0
211,78,97,89,0
22,61,122,29,0
118,203,106,94,0
162,25,72,97,0
136,216,6,32,1
202,106,64,40,0
161,42,29,66,1
162,44,75,36,0
219,25,50,99,1
180,208,21,93,1
16,167,51,54,1
159,85,106,88,0
106,213,40,71,1
91,159,54,106,0
211,108,100,87,0
3,32,58,79,0
54,80,5,14,0
106,14,37,118,0
155,20,38,31,0
196,147,20,6,0
16,112,45,54,0
106,116,37,108,0
180,112,27,55,0
20,121,29,118,0
37,91,99,47,0
55,212,15,87,0
70,101,2,69,0
142,206,33,36,0
170,186,26,71,0
207,76,13,112,0
42,44,66,28,0
129,181,43,31,0
77,28,11,1,0
80,207,14,13,0
91,85,47,64,0
155,19,38,77,0
192,96,143,92,0
112,198,55,84,1
103,85,53,64,1
116,112,109,60,0
180,198,27,87,0
44,161,28,23,0
51,31,23,41,0
53,67,101,135,0
73,153,119,18,0
91,37,53,95,0
101,197,56,42,0
120,165,151,8,0
126,206,108,36,0
130,94,133,88,0
159,103,103,51,0
171,3,97,66,0
192,208,141,93,0
193,36,112,21,0
212,80,80,16,0
87,142,86,34,0
25,216,99,17,0
28,44,1,28,0
42,9,79,3,0
55,207,15,12,0
103,62,51,106,0
115,65,63,77,0
121,191,111,4,0
161,162,23,68,0
198,16,87,47,0
225,226,127,67,1
12,155,49,35,1
10,169,123,28,0
14,31,116,37,0
70,164,2,26,0
76,55,107,13,0
91,49,58,27,0
116,220,109,109,0
156,95,55,140,0
186,187,55,40,0
202,225,72,131,0
82,194,145,149,1
166,194,202,149,1
61,31,32,37,0
213,112,88,60,0
220,185,109,118,0
96,185,99,118,1
167,213,65,88,0
16,225,48,131,1
108,193,85,113,1
167,98,65,45,0
112,16,60,48,1
66,171,148,97,0
117,27,138,100,0
98,213,45,88,1
108,211,85,106,1
128,192,136,137,0
49,90,27,95,0
52,90,76,95,0
85,44,71,26,1
112,155,55,36,0
136,196,7,13,1
106,155,40,36,0
93,180,63,30,1
14,138,115,116,0
70,196,2,13,0
77,9,16,3,0
87,129,88,51,1
101,51,49,23,0
159,85,101,68,0
169,186,28,53,1
190,12,38,58,0
217,180,47,30,0
18,89,121,182,0
85,91,70,58,0
136,44,6,26,0
27,226,105,71,0
136,9,6,3,1
108,171,77,99,0
227,27,60,105,0
108,78,77,79,0
42,216,74,15,0
70,197,2,49,0
219,44,65,26,0
65,170,82,33,0
93,31,69,39,0
101,70,52,2,0
102,94,10,95,0
112,180,54,30,0
138,155,114,35,0
159,136,97,6,0
162,60,70,36,0
186,165,54,9,0
187,19,44,66,0
216,28,15,1,0
136,164,8,25,1
162,213,66,88,1
219,159,70,95,0
119,126,70,108,0
180,16,31,49,0
193,41,102,160,0
19,187,63,46,0
103,91,41,50,1
155,102,36,10,0
207,80,14,12,0
219,216,70,16,0
171,153,100,25,0
162,216,66,16,0
77,170,19,30,0
60,102,34,10,1
157,95,177,135,0
108,142,80,33,0
153,6,29,72,0
181,203,37,67,0
3,227,80,53,0
77,9,21,3,0
80,136,13,6,1
104,28,18,1,1
103,190,41,39,1
85,190,59,39,1
190,159,39,98,1
16,98,50,52,0
27,6,101,68,1
6,27,68,101,1
51,28,20,1,0
106,10,63,120,0
115,170,64,29,0
120,186,139,45,0
147,77,3,11,0
181,78,40,70,1
227,143,51,130,0
119,193,75,102,0
5,69,134,43,0
76,212,103,36,0
197,101,42,47,0
207,55,12,18,0
14,13,116,71,0
115,186,64,45,0
130,51,138,20,0
170,165,29,9,0
213,22,88,126,0
36,61,22,31,0
44,42,26,76,0
60,216,33,25,0
73,3,105,83,0
76,107,104,146,0
115,104,63,16,0
197,70,38,6,0
206,142,23,36,0
211,32,110,89,0
212,2,39,86,0
217,16,57,53,0
25,28,100,1,0
167,98,75,68,0
213,156,88,78,0
16,217,53,57,0
42,60,76,33,0
93,51,66,24,0
121,20,95,47,0
130,31,127,45,0
186,170,45,30,0
156,198,80,107,0
69,65,44,81,0
70,77,5,15,0
142,36,35,23,1
186,191,45,8,0
87,88,82,191,0
88,184,191,162,1
112,98,68,74,0
66,211,128,109,1
34,64,143,172,1
213,119,88,83,0
16,198,53,107,1
16,156,53,79,1
157,128,168,147,0
17,95,170,135,1
17,157,160,158,0
202,115,111,69,0
142,6,36,61,0
180,196,33,14,0
180,69,33,46,0
106,196,86,14,1
61,142,32,35,0
180,80,33,16,0
119,142,80,35,1
16,198,52,100,0
202,106,109,86,0
180,198,33,100,0
92,185,117,93,0
92,95,117,118,0
116,112,121,75,0
3,32,81,87,1
14,212,114,41,0
112,16,75,52,0
207,54,11,2,0
219,44,69,27,0
180,98,34,55,0
2,76,88,104,0
163,1,191,189,1
157,123,155,192,1
192,146,145,175,1
14,207,114,11,0
192,146,145,175,1
117,190,147,51,0
27,226,103,56,0
138,14,104,112,0
186,20,41,56,0
20,207,56,14,0
44,60,27,39,1
155,161,40,33,0
196,69,16,49,0
207,78,14,48,1
55,161,11,33,0
169,44,25,27,1
182,216,47,22,0
191,170,5,37,0
207,65,14,77,1
77,104,19,18,0
65,150,77,118,0
185,127,92,127,0
197,102,35,13,0
102,212,13,45,1
119,19,86,65,1
196,42,16,64,0
206,216,21,22,0
123,92,192,116,0
127,185,127,92,0
147,12,3,42,0
70,197,8,35,1
206,180,21,34,1
136,6,4,57,1
104,51,18,23,1
147,9,3,9,1
51,12,23,42,1
126,227,107,55,1
126,27,107,103,0
226,227,62,66,0
171,211,103,99,0
211,27,99,104,0
94,191,107,7,0
187,101,61,51,0
20,107,55,141,0
36,87,12,22,1
85,90,50,123,1
155,28,49,1,0
217,92,54,120,0
219,91,65,81,0
127,96,148,146,0
203,152,46,169,0
211,32,99,71,0
225,119,125,77,0
13,49,57,47,1
19,2,69,62,0
102,121,2,65,0
169,31,26,36,0
87,3,22,89,0
134,206,139,30,0
184,129,154,60,0
14,107,106,141,0
60,162,27,41,1
69,165,67,8,0
92,217,120,54,0
122,115,195,78,0
164,182,30,33,0
170,51,33,21,0
213,106,88,97,0
201,108,105,127,0
10,69,112,61,0
12,161,38,21,0
27,61,104,27,0
31,147,37,6,0
170,101,39,36,0
143,201,134,105,0
152,211,167,99,0
90,52,118,69,0
18,82,100,157,0
156,16,63,108,0
90,194,83,122,1
12,78,37,24,1
35,114,185,183,1
53,77,80,6,0
54,55,8,22,0
102,207,2,21,0
103,162,57,79,0
122,203,193,54,0
182,155,32,51,0
201,6,121,52,0
18,23,109,121,0
62,159,169,72,0
193,171,121,114,1
211,126,102,94,1
211,193,102,121,1
171,211,114,102,1
226,193,60,121,1
116,133,126,133,0
185,107,111,135,1
116,193,126,120,0
202,107,137,135,0
167,156,58,72,0
185,220,111,172,0
159,10,81,123,1
220,96,172,153,1
112,225,76,140,1
185,96,126,149,0
52,89,48,100,1
16,98,97,82,1
60,196,29,14,0
180,167,64,59,1
127,185,157,126,0
185,127,126,157,0
202,220,124,134,0
202,185,124,126,0
5,10,165,123,0
101,212,44,13,0
130,13,118,65,0
142,206,42,32,0
164,186,25,37,1
203,36,66,11,0
217,14,45,127,0
91,159,56,80,1
62,85,156,105,0
49,159,54,74,1
107,217,145,50,0
119,133,97,122,0
2,187,88,72,0
13,78,63,19,0
32,143,56,131,0
138,130,94,111,0
147,169,7,14,0
18,85,109,90,0
129,22,35,118,0
227,142,91,44,0
103,159,61,54,0
31,2,39,88,0
42,49,32,50,0
182,165,28,8,0
207,155,27,43,1
9,42,2,37,0
90,42,85,43,0
227,117,84,146,0
64,193,139,114,0
211,201,106,117,0
27,119,102,89,0
227,32,84,54,0
219,37,70,94,0
13,161,77,35,0
64,6,139,56,0
94,120,96,134,0
197,9,21,3,0
201,181,117,39,0
22,129,107,40,0
133,61,129,38,0
104,44,44,26,0
112,165,95,7,0
207,28,19,2,1
51,170,12,17,0
107,14,115,103,0
106,98,82,79,0
90,49,85,52,1
201,226,117,68,0
159,52,60,71,1
106,98,82,79,0
112,61,95,38,0
226,41,60,141,0
118,63,128,102,0
123,140,192,193,0
143,181,99,43,0
117,211,146,91,0
25,161,92,37,0
219,25,70,92,0
213,16,94,100,1
202,167,122,85,0
156,180,74,62,1
162,25,64,92,1
219,216,70,30,0
136,42,26,53,1
202,98,122,84,0
12,156,48,74,1
104,167,40,85,1
220,167,142,85,0
156,98,74,84,1
27,226,101,61,0
143,227,86,96,0
22,73,85,108,1
78,181,37,44,1
10,165,81,10,0
13,54,84,9,0
17,35,176,173,1
49,162,52,54,0
94,37,117,53,0
122,76,174,103,0
161,219,31,56,0
170,164,24,20,0
206,87,36,42,0
149,68,168,170,1
13,104,84,41,0
76,212,103,15,0
94,191,117,8,0
102,70,3,4,0
107,200,115,145,0
130,207,115,22,0
162,44,54,31,0
165,164,10,20,0
182,69,18,38,0
196,55,19,30,0
34,61,113,40,0
49,91,52,57,1
134,183,144,147,0
14,76,107,103,0
37,49,53,52,0
69,164,38,20,0
107,20,115,69,0
155,80,35,14,0
165,182,10,18,0
185,213,134,96,0
190,216,61,21,0
219,159,56,71,0
167,156,83,76,0
213,116,102,144,0
202,213,117,102,0
17,200,175,151,0
10,182,87,22,0
20,69,60,44,0
62,49,137,56,0
138,207,81,21,0
162,161,52,31,0
187,2,75,78,0
44,28,24,3,0
136,153,13,23,0
2,31,78,35,0
25,44,90,24,0
49,90,56,83,0
69,191,44,7,0
98,157,69,181,1
127,16,166,96,0
95,116,145,138,0
225,202,136,114,0
92,208,135,158,0
70,142,4,42,0
68,149,127,120,0
88,184,190,155,0
162,28,61,2,0
200,185,152,140,0
216,42,17,45,0
13,206,88,43,0
63,152,72,157,0
156,108,81,97,0
159,49,65,66,0
165,69,8,44,0
182,164,27,20,0
212,70,22,4,0
217,65,63,130,0
156,108,81,97,0
66,193,108,105,1
201,34,103,116,0
211,108,76,110,1
193,171,92,99,1
6,61,73,39,1
198,167,107,87,0
190,6,78,72,1
206,181,46,40,1
98,106,67,112,1
153,129,19,47,1
90,62,73,135,0
104,42,34,45,0
87,144,33,119,1
90,62,73,135,0
61,226,35,67,1
156,112,92,115,0
181,190,40,78,1
206,6,46,72,1
14,107,116,108,1
23,39,147,191,0
34,171,121,109,0
53,212,65,30,0
57,18,188,142,0
93,186,50,54,1
103,49,98,69,0
207,196,16,22,0
216,44,28,17,0
219,90,59,73,0
89,52,132,88,0
156,213,86,95,0
112,98,121,68,0
185,12,131,38,0
19,207,61,18,0
55,54,33,6,0
198,213,101,95,0
211,119,92,85,0
156,225,80,141,0
17,1,180,196,1
163,200,189,155,0
119,226,90,67,0
225,193,140,106,0
167,112,83,117,0
201,126,102,136,0
13,153,101,39,0
65,76,115,81,0
77,19,5,60,0
104,161,37,24,0
138,10,38,80,0
155,216,29,28,0
147,55,10,33,0
85,62,91,124,1
219,91,64,36,1
27,125,112,146,0
70,161,7,24,0
93,51,57,13,0
201,134,102,171,0
10,80,80,8,1
87,227,40,95,0
164,55,27,33,0
69,19,34,60,0
17,24,183,196,1
159,37,60,60,1
192,1,162,182,0
17,1,183,182,1
96,127,129,169,0
16,202,72,93,0
42,159,47,60,0
156,104,81,38,0
169,70,12,7,1
13,164,92,28,0
102,169,3,12,1
16,156,72,81,0
82,49,143,75,0
162,44,64,19,0
166,91,149,37,0
201,36,101,13,0
216,219,26,63,0
218,149,152,123,0
9,60,1,59,0
118,181,136,43,0
125,143,135,90,0
60,44,59,19,0
28,9,2,1,0
190,184,68,163,0
227,108,85,115,0
6,211,55,99,0
62,85,117,104,1
125,183,130,165,1
95,127,153,166,0
117,144,159,131,1
62,103,117,94,1
208,200,158,154,1
95,200,153,154,0
198,106,99,114,1
89,194,118,84,0
12,190,38,73,1
19,9,57,7,0
37,103,79,108,0
90,194,123,84,0
94,14,97,138,0
102,13,3,103,1
119,181,87,43,0
170,147,10,4,0
180,161,52,22,1
201,78,115,19,0
206,6,47,58,0
39,23,187,119,0
2,196,102,31,0
9,161,7,25,0
32,206,64,44,0
93,55,50,36,0
101,197,19,43,0
155,94,34,107,0
156,142,92,37,0
164,187,30,79,0
227,87,83,41,0
14,120,138,130,0
28,25,6,71,0
69,77,42,3,0
162,9,73,7,0
167,16,81,66,0
207,20,10,55,0
216,60,22,52,0
104,213,32,110,0
31,102,15,2,0
67,13,198,82,0
76,53,97,80,0
90,62,104,120,0
118,3,153,56,0
169,70,18,11,0
196,165,28,10,0
212,51,19,6,0
25,216,74,20,0
220,185,165,132,0
28,44,4,33,0
37,136,84,24,0
65,207,137,13,0
76,31,97,15,0
104,217,32,70,0
115,101,64,16,0
122,138,123,65,0
165,2,10,83,0
146,1,175,182,1
52,18,98,114,0
65,115,131,65,0
220,202,159,116,0
3,129,63,49,1
73,87,59,39,1
14,2,134,86,0
70,216,12,23,0
78,206,26,47,0
80,102,18,3,0
122,20,127,55,0
138,121,76,41,1
194,90,129,105,0
219,6,66,68,0
65,121,131,41,0
127,185,151,136,0
52,82,73,139,1
220,185,155,132,0
180,198,48,105,0
213,98,110,72,0
220,202,155,126,0
16,198,80,105,0
213,112,110,127,0
193,108,93,68,1
108,226,68,72,1
56,193,188,93,1
156,112,96,127,0
226,34,72,136,1
180,167,48,84,1
167,213,84,110,1
98,112,72,127,1
106,202,126,124,0
156,180,94,53,0
156,96,94,144,0
62,151,110,182,1
151,21,182,173,1
96,12,144,29,0
14,217,134,69,1
49,159,47,83,1
121,164,50,31,1
32,203,62,88,1
61,78,30,35,0
80,55,19,34,0
104,12,37,27,0
112,14,125,136,0
115,10,67,121,1
130,2,154,79,0
142,54,41,12,0
153,103,23,64,1
197,31,21,26,0
201,227,103,100,0
206,147,53,3,0
84,123,201,197,0
144,27,115,121,0
180,98,55,82,0
10,65,120,126,0
101,80,18,19,0
165,196,10,25,0
171,3,85,64,0
187,54,59,13,0
192,128,164,158,0
193,129,88,46,0
60,28,39,5,0
116,144,151,115,0
117,27,162,121,0
60,161,39,15,0
42,216,30,21,0
6,144,78,115,0
192,157,165,177,0
219,49,56,41,0
103,90,70,122,1
20,42,62,26,1
62,103,102,70,1
27,150,118,82,0
51,212,8,19,0
167,12,94,29,0
98,164,77,39,1
2,76,92,105,0
19,138,81,106,0
65,165,113,11,0
104,167,31,94,0
219,216,56,17,0
204,48,189,202,0
190,98,72,77,0
90,159,124,61,0
98,150,77,82,1
142,203,55,68,0
206,153,51,30,0
136,85,26,112,1
136,159,33,69,1
49,37,30,92,1
22,73,83,31,1
60,103,36,69,1
61,87,33,57,0
94,186,92,42,0
127,108,152,105,0
197,102,13,5,0
227,117,120,164,0
95,198,156,95,0
6,181,92,80,1
16,180,64,65,0
42,219,21,51,0
55,165,16,17,0
70,169,10,26,0
94,155,96,43,0
106,127,129,152,0
138,122,88,116,0
186,54,45,18,0
22,129,78,53,0
153,206,34,50,0
203,142,71,57,0
2,55,93,16,0
19,212,77,25,0
115,197,58,15,0
120,69,151,61,0
138,80,88,12,0
167,156,83,74,0
169,13,26,70,0
180,16,65,64,0
182,70,13,10,0
112,119,110,82,1
12,147,14,3,0
16,150,64,100,0
6,36,92,29,1
14,170,139,6,0
28,219,1,51,0
77,69,4,61,0
197,101,15,22,0
45,27,199,125,1
227,117,131,156,0
220,185,134,119,0
202,198,110,95,0
225,201,139,99,0
65,2,103,97,0
80,212,16,22,0
102,147,4,3,0
122,94,133,87,0
171,226,114,96,0
180,19,64,73,0
190,104,85,40,0
78,129,38,51,0
213,54,115,15,0
190,103,85,69,0
6,78,98,38,0
96,112,129,109,0
147,161,3,21,0
198,220,95,134,0
216,49,25,43,0
128,146,146,176,1
17,157,165,161,0
112,213,104,112,0
61,126,24,99,0
167,129,86,47,0
78,126,34,99,1
112,12,104,21,0
116,220,148,123,0
202,106,105,111,0
6,129,95,47,0
143,22,72,59,1
226,206,84,53,1
73,206,48,53,1
6,3,95,26,0
36,206,11,53,1
198,196,91,42,0
104,219,43,50,0
112,198,92,100,1
6,115,86,47,0
53,94,66,91,0
92,225,142,107,0
93,170,48,12,0
102,36,4,20,1
156,112,93,88,0
190,144,81,111,0
144,27,111,119,0
136,94,15,91,1
42,219,13,48,0
161,190,23,88,0
136,60,17,36,1
190,31,90,39,0
76,36,119,19,1
153,180,20,66,1
14,138,109,89,1
65,51,99,10,0
19,91,82,38,1
164,69,58,52,0
186,36,34,19,1
219,37,49,63,0
153,44,21,35,1
206,70,55,9,0
14,91,109,38,1
182,164,15,58,1
122,67,127,125,0
197,102,24,5,0
190,136,83,17,0
216,70,16,9,1
102,161,5,31,1
150,186,78,34,1
121,115,49,46,0
65,115,99,46,1
78,12,32,20,1
152,41,162,143,0
102,150,5,78,1
161,150,31,78,1
165,28,3,1,1
197,91,24,38,1
41,203,143,76,0
203,126,76,86,0
14,112,105,85,0
22,152,61,145,0
25,44,50,36,0
55,77,29,4,0
94,120,79,141,0
126,27,74,93,0
136,191,25,1,0
138,76,89,110,0
186,51,27,14,0
201,108,111,116,0
211,226,69,72,0
212,147,24,2,0
3,201,33,111,0
80,76,12,110,0
159,49,97,53,0
165,53,8,63,0
167,16,98,68,0
169,2,42,70,0
197,12,17,20,0
62,91,86,46,1
164,212,56,24,0
206,126,64,74,0
22,34,61,142,0
61,184,9,137,0
118,227,156,113,0
143,119,80,94,0
32,73,45,34,1
19,169,78,42,0
51,80,14,12,0
65,217,94,88,0
76,101,110,38,0
167,156,98,81,0
182,187,13,19,0
106,198,99,94,0
106,112,99,96,0
112,225,96,107,1
122,19,130,55,0
212,37,26,88,0
108,211,114,63,0
150,91,49,52,0
78,193,20,101,0
184,190,132,58,0
20,13,62,61,0
60,164,72,66,1
115,76,68,89,0
136,219,28,60,0
114,35,175,182,0
114,163,175,152,0
163,35,152,182,1
90,89,128,98,1
220,185,139,127,0
225,211,117,63,0
16,211,84,63,0
194,52,113,121,1
106,53,95,88,0
180,211,71,63,1
44,162,47,52,0
55,54,27,31,0
65,120,74,158,0
98,112,98,105,1
102,169,14,52,1
103,49,82,63,1
119,152,81,102,0
122,3,133,34,0
180,78,68,17,1
196,77,35,4,0
197,212,21,36,0
203,41,107,147,0
98,213,98,104,1
156,16,97,87,1
180,112,68,105,1
213,156,104,97,1
167,180,113,68,1
156,98,97,98,1
52,82,94,91,1
226,34,69,136,1
193,171,96,127,1
202,114,114,171,1
112,98,105,98,1
126,211,77,70,1
185,163,138,151,1
202,127,114,150,1
201,211,124,70,0
220,127,137,144,0
16,217,93,109,1
106,217,104,109,1
180,6,80,88,0
213,12,105,26,0
201,34,116,128,1
104,106,29,104,1
211,201,80,116,1
49,91,69,56,1
151,21,157,173,1
159,49,67,69,0
159,62,67,116,0
218,149,166,155,0
19,107,36,137,1
20,69,58,78,0
53,169,91,57,0
77,102,3,13,0
91,60,39,54,0
130,197,163,22,0
143,27,94,67,0
219,49,63,49,0
16,112,93,101,0
27,144,67,140,0
128,200,161,148,0
208,95,154,145,1
10,170,65,13,0
31,197,47,23,0
53,94,91,115,0
106,112,80,103,1
155,55,11,28,0
165,42,9,14,0
125,87,156,45,0
192,200,173,148,0
85,25,125,98,0
49,9,53,4,0
60,162,49,59,1
65,182,82,21,0
70,51,18,8,0
80,164,10,70,0
136,219,27,63,1
167,170,90,13,0
146,192,172,173,0
9,60,5,56,0
52,151,81,166,0
136,60,28,64,1
62,91,87,43,1
37,60,77,64,0
104,162,14,54,0
19,70,53,19,0
20,207,37,30,0
92,127,146,143,0
28,147,3,2,0
36,181,49,40,0
162,54,54,32,1
27,126,69,72,0
45,119,188,58,0
61,190,36,38,0
66,153,128,39,0
91,85,43,124,1
12,182,20,16,0
60,80,64,12,1
104,54,14,32,0
161,25,23,102,0
170,36,18,49,1
49,62,56,87,1
37,159,77,67,1
161,42,23,13,0
192,163,171,159,0
9,25,10,94,0
28,219,5,69,1
157,17,169,163,0
161,60,32,68,1
216,162,18,49,1
9,44,10,54,0
112,156,100,107,1
216,42,18,27,1
28,161,5,32,1
188,218,180,173,0
128,95,151,147,0
106,180,83,92,0
161,219,32,69,1
156,198,107,109,0
106,98,83,95,0
208,96,143,132,0
218,188,169,181,0
95,213,153,109,0
127,185,145,131,0
146,106,136,91,0
225,98,135,108,1
70,42,16,11,0
73,87,60,68,1
107,198,126,104,0
118,6,125,100,0
152,203,98,123,0
156,16,106,98,1
187,20,23,37,0
118,152,125,98,0
106,206,91,55,0
202,185,120,129,0
14,20,112,37,0
16,167,101,88,0
121,120,56,119,0
156,180,103,87,0
162,25,26,85,0
164,136,65,20,0
126,206,73,57,0
201,3,125,46,0
34,22,145,83,0
25,162,85,26,0
13,207,68,24,0
58,194,133,110,0
115,80,84,14,0
130,76,167,63,0
164,77,65,3,0
169,70,54,15,0
217,104,82,15,0
9,28,9,6,0
92,163,156,166,1
66,126,133,78,0
202,106,117,85,0
96,180,139,97,1
169,19,49,56,0
182,102,21,6,0
41,126,161,78,0
153,87,43,76,0
190,184,51,68,0
211,108,82,131,0
226,119,83,62,0
2,169,71,49,0
23,89,189,116,0
37,166,87,145,0
63,36,152,48,0
78,153,37,43,1
93,69,27,72,0
107,13,132,77,0
116,112,146,99,0
161,216,24,4,0
202,180,117,97,0
144,117,127,162,0
167,156,92,103,0
9,25,10,115,0
32,129,54,68,1
44,219,31,40,0
64,171,190,112,0
80,170,8,13,0
88,203,167,94,0
147,197,2,18,0
212,77,58,3,0
153,27,44,89,0
189,66,192,135,1
95,127,160,151,0
142,36,56,47,0
193,211,102,88,1
39,58,185,128,0
19,119,61,65,1
34,117,141,162,0
49,191,62,1,0
51,207,12,26,0
70,20,15,37,0
87,32,75,54,1
152,27,95,89,0
167,16,92,101,0
180,156,98,103,0
4,48,204,196,1
177,204,204,202,0
193,66,112,137,1
126,193,87,112,1
17,157,142,174,1
66,126,137,87,1
128,146,166,143,1
194,11,122,172,0
95,1,162,178,0
128,157,166,174,1
157,146,174,143,1
171,211,114,91,1
52,49,92,64,0
6,36,84,48,0
6,144,83,121,0
63,190,150,52,0
27,227,95,98,0
73,32,77,62,0
153,6,43,83,0
226,144,79,121,1
73,193,77,113,0
119,226,63,71,1
193,6,120,85,1
78,87,26,79,1
185,14,148,109,1
42,78,12,23,1
53,182,127,25,0
66,22,137,136,0
80,20,14,39,0
93,31,37,88,0
115,107,74,138,1
138,19,142,67,1
163,127,156,150,0
164,165,70,6,0
169,216,52,4,0
171,153,108,56,0
190,181,58,68,0
201,143,139,102,0
206,162,56,33,0
103,49,54,59,0
49,91,59,61,0
61,98,55,70,1
6,226,78,40,0
62,150,49,130,1
170,216,11,3,0
32,22,80,124,0
80,187,14,28,1
143,144,110,120,1
201,126,145,102,0
156,116,92,129,0
98,27,72,106,1
121,170,89,11,1
14,5,109,205,1
41,171,115,105,1
127,163,153,148,0
108,126,117,102,0
155,51,24,8,0
216,219,3,43,0
6,211,78,93,0
106,98,81,72,0
166,151,138,146,0
190,66,67,138,0
203,119,88,46,0
188,68,183,160,0
13,169,73,45,0
163,96,148,151,0
160,68,193,161,1
188,150,183,100,0
19,121,69,88,0
16,112,95,87,1
49,62,65,55,0
116,217,143,66,0
156,12,97,24,0
164,80,62,15,0
185,127,157,154,0
27,190,116,68,0
63,184,114,59,0
126,153,107,60,0
211,181,94,63,0
117,193,170,101,0
118,6,124,84,0
143,227,117,106,0
171,22,119,72,0
191,102,1,12,1
12,104,24,23,0
37,91,77,55,0
98,156,74,97,1
164,170,62,13,0
102,51,12,8,1
144,118,134,124,0
22,66,72,130,0
193,98,101,74,1
27,117,113,166,0
2,138,74,137,0
27,201,112,128,0
70,216,14,4,0
85,161,88,27,1
93,101,28,82,0
104,219,22,52,0
152,153,115,58,0
156,61,92,40,0
212,54,45,19,0
198,36,147,59,1
27,211,112,88,0
95,146,168,162,0
95,36,168,59,0
35,163,188,150,0
14,101,107,75,0
31,102,89,6,0
62,89,67,122,0
121,186,116,45,0
55,54,10,19,0
73,203,44,99,0
118,153,111,58,0
184,206,59,41,0
20,51,40,9,0
162,9,51,7,0
216,60,5,17,0
146,17,166,170,0
11,58,158,103,1
112,198,112,150,1
16,163,115,147,0
25,162,72,37,0
31,55,55,18,0
69,76,88,65,0
107,13,147,59,0
138,212,145,42,0
159,91,43,66,0
197,155,15,26,0
213,217,116,70,0
144,171,108,124,0
52,159,146,43,0
54,31,22,55,0
77,196,2,21,0
191,70,1,13,0
219,60,39,20,0
220,96,140,170,0
2,36,67,62,1
25,49,51,64,0
28,44,13,8,1
73,165,52,4,0
76,61,65,40,0
91,162,56,44,1
112,16,110,124,0
127,92,163,172,0
147,77,7,2,0
152,181,107,75,0
171,144,122,117,0
180,9,112,3,0
207,55,38,22,0
96,36,165,62,0
127,17,163,171,0
96,114,165,177,1
87,184,71,61,0
163,185,143,163,0
127,202,163,152,0
98,198,97,147,1
45,134,196,203,0
184,87,61,71,0
16,198,124,147,1
16,32,119,89,0
16,156,119,95,0
108,34,134,104,0
206,66,45,110,1
226,142,34,74,1
73,206,42,45,1
190,3,87,19,0
226,155,34,24,0
16,98,119,92,0
116,73,127,42,0
85,151,87,145,1
91,62,59,96,1
6,142,78,74,1
21,85,164,87,1
62,159,96,46,1
153,32,52,92,1
226,66,39,110,1
49,85,66,87,0
159,91,46,59,1
226,153,39,52,1
190,142,85,74,0
32,226,92,39,1
203,206,77,53,1
217,14,56,118,1
10,122,75,148,1
80,197,11,13,0
93,19,32,65,1
136,103,15,58,0
147,102,8,4,0
159,49,46,66,0
171,211,137,81,0
217,92,56,163,0
128,157,159,189,0
114,140,173,181,0
114,1,173,189,0
16,116,117,130,0
102,28,5,18,1
91,136,49,15,0
93,169,32,31,0
101,165,74,7,0
103,159,54,41,0
120,115,157,108,0
122,14,151,116,0
186,121,55,115,0
191,69,1,87,0
216,161,16,38,0
53,197,133,14,0
153,108,30,126,0
181,6,82,95,1
117,226,166,36,0
143,87,107,72,0
170,28,10,18,1
12,156,39,105,0
25,9,37,3,0
55,31,25,46,0
186,196,55,21,0
207,93,45,32,0
136,162,14,32,1
28,42,19,23,0
126,227,109,105,0
144,226,125,46,0
207,115,44,110,1
156,116,102,129,1
167,14,101,120,0
136,153,16,28,1
193,201,134,116,1
212,36,37,62,0
61,27,68,125,0
104,12,30,47,0
126,144,109,125,0
2,155,38,29,0
9,44,3,7,0
14,122,118,145,0
25,219,53,37,0
54,102,24,8,0
120,186,158,56,0
138,164,134,65,0
159,136,43,17,0
6,181,91,99,0
184,206,70,42,0
129,171,23,135,0
19,69,67,84,0
60,9,10,3,0
85,21,88,129,0
102,90,8,63,1
136,49,17,48,0
126,108,109,123,0
144,153,120,31,0
226,193,49,135,0
63,206,64,42,0
129,22,23,115,0
108,117,123,161,1
117,27,161,116,1
142,206,79,47,0
159,37,51,88,1
193,34,134,120,0
3,87,34,68,0
20,70,10,23,0
65,115,85,119,0
77,161,2,49,0
93,54,31,26,0
138,5,123,205,0
165,147,7,5,0
169,186,33,62,0
207,78,58,24,0
219,25,39,64,0
226,181,60,78,1
198,106,147,71,1
227,226,116,60,0
143,6,108,98,0
6,143,98,108,0
17,95,158,145,1
146,157,170,167,0
63,119,99,69,0
1,128,139,153,1
65,147,85,5,0
76,70,97,23,0
106,217,71,59,0
159,103,40,76,0
182,51,41,8,0
197,94,15,70,0
101,14,63,115,0
37,133,91,151,1
227,143,116,108,0
167,116,111,120,0
25,60,64,17,0
91,159,43,40,0
103,49,76,42,0
191,42,1,21,1
217,106,59,71,0
116,98,120,105,0
106,112,73,109,0
156,133,96,150,0
44,42,5,16,0
55,102,23,4,0
67,107,182,132,0
142,190,74,68,0
165,101,11,69,0
219,161,36,41,0
206,36,46,61,0
14,170,107,15,0
53,2,134,45,0
102,10,4,55,0
103,91,78,40,0
106,156,73,96,0
115,186,115,60,0
116,112,120,109,0
127,16,161,121,0
155,94,39,54,0
162,25,34,62,0
9,60,3,22,1
19,2,83,58,1
94,51,46,18,0
95,163,154,137,0
102,77,8,2,0
112,116,109,121,0
119,152,61,110,1
170,182,19,28,1
147,104,8,44,1
211,171,85,129,0
102,153,8,33,1
138,121,96,103,0
91,60,34,22,1
144,143,128,115,0
147,44,8,4,0
169,80,29,15,0
201,227,129,102,0
216,106,6,70,0
108,66,118,95,0
201,226,124,72,1
211,201,86,124,1
201,226,124,72,1
167,16,103,110,0
156,16,85,110,1
106,116,65,121,1
16,98,110,110,1
98,156,110,85,1
16,112,110,105,1
227,142,107,73,1
73,34,77,124,1
190,129,62,45,0
32,142,58,74,1
227,211,105,87,1
78,119,24,62,1
156,69,79,66,0
73,119,85,62,1
153,78,41,24,1
227,119,105,62,1
156,106,79,72,0
119,78,62,24,1
127,163,150,127,0
13,216,43,7,0
32,45,62,198,1
34,171,124,134,0
44,206,5,45,1
54,155,31,60,0
95,17,154,164,0
107,121,128,102,1
129,181,59,66,1
133,152,159,104,0
142,73,74,87,0
143,6,118,95,0
144,201,124,116,0
167,16,99,106,0
169,9,33,3,0
197,51,6,16,0
217,213,57,58,0
11,84,162,173,0
225,41,180,169,1
163,127,143,142,0
77,164,2,72,0
147,60,15,28,0
34,27,125,91,0
119,171,62,131,1
163,1,140,128,1
32,181,61,63,0
69,54,52,36,0
93,55,45,23,0
31,37,73,110,1
1,114,128,173,1
202,112,143,108,0
12,190,59,65,0
138,37,99,110,1
128,1,153,128,0
13,94,40,58,0
45,108,184,106,0
150,190,111,65,0
44,181,5,63,1
155,170,55,18,0
165,80,3,10,0
70,161,16,55,0
77,36,2,50,0
227,201,98,122,0
80,153,10,44,1
102,122,9,112,0
103,61,81,24,1
28,136,3,20,0
104,80,46,12,1
77,78,2,37,1
60,70,26,17,1
3,170,22,19,1
126,143,122,118,0
167,96,100,157,0
108,34,108,128,0
211,126,86,122,0
201,143,106,114,0
84,123,174,204,0
88,27,136,99,0
108,117,95,131,0
6,27,79,99,0
14,217,73,51,0
155,213,53,65,0
89,57,153,168,1
121,213,103,65,1
142,167,81,92,0
78,211,36,81,0
136,42,17,12,1
226,143,84,107,0
49,159,15,63,1
161,213,47,65,1
166,82,155,142,0
182,70,31,10,0
13,196,40,29,0
122,19,109,88,0
96,225,153,184,0
104,219,44,29,0
107,115,131,100,0
185,92,152,161,0
117,73,105,102,0
143,152,107,118,0
190,153,69,33,0
196,170,32,23,0
117,6,115,101,0
180,216,82,7,0
181,206,36,31,0
213,12,73,84,0
217,16,58,104,1
225,98,184,90,1
2,55,45,27,0
10,182,52,34,0
36,184,42,75,0
69,80,65,14,0
87,78,48,33,1
152,226,107,88,0
169,93,26,54,0
170,138,23,105,0
106,112,69,124,0
115,207,99,38,0
16,98,104,90,0
123,185,186,149,0
180,116,82,121,0
32,73,48,83,0
17,192,176,174,0
112,225,120,178,1
180,167,97,88,0
216,49,8,16,0
225,16,178,104,1
27,206,102,31,0
70,2,7,48,0
213,156,79,83,1
6,73,87,67,0
178,65,208,88,0
31,130,59,157,0
102,51,11,14,0
225,167,178,88,1
98,156,81,83,1
213,112,79,120,1
159,37,56,122,0
212,121,19,92,0
16,167,104,88,1
32,6,71,87,0
66,126,111,109,0
84,92,162,163,1
152,143,121,97,0
153,190,42,57,0
220,96,136,157,0
163,202,128,144,0
98,112,103,124,1
217,98,74,103,1
167,156,95,93,1
36,190,42,52,1
206,3,22,18,0
37,94,112,33,1
129,36,49,42,1
63,32,118,64,0
225,69,176,70,1
190,181,52,35,1
36,87,42,39,1
87,129,39,49,1
107,138,139,121,1
123,35,187,181,0
146,95,180,173,0
157,225,170,175,1
77,12,1,65,0
134,34,190,126,0
31,102,71,10,0
54,115,16,95,0
134,203,190,75,0
147,207,5,56,0
93,80,46,27,0
190,153,55,41,0
201,126,100,91,0
19,73,98,54,1
65,94,87,35,0
78,129,24,51,1
170,107,33,138,0
185,84,153,167,0
212,115,31,95,0
107,32,134,66,0
117,190,121,59,0
117,190,121,59,0
144,183,114,189,1
116,198,144,125,0
16,156,108,97,0
106,116,103,144,0
17,1,169,135,0
35,114,179,178,0
159,60,53,34,0
106,112,103,125,1
202,16,129,106,0
127,92,162,164,0
161,91,85,75,0
171,108,94,123,0
155,196,64,39,0
122,138,131,124,0
51,102,18,13,0
136,25,23,89,1
155,14,64,115,0
9,161,3,85,1
226,88,68,155,0
63,22,50,110,0
120,138,129,124,0
42,136,19,23,0
142,206,92,29,0
17,200,166,139,0
104,185,52,154,0
164,80,32,25,0
216,161,8,85,1
44,162,4,61,1
117,27,122,111,0
136,49,23,14,1
91,136,75,23,1
159,90,54,76,1
49,103,14,65,1
62,37,89,109,1
91,159,80,62,1
49,62,41,88,1
85,136,105,40,1
37,49,103,41,0
127,17,168,170,0
152,32,102,71,0
95,146,156,184,0
14,51,110,14,0
207,115,46,90,0
55,2,22,25,0
93,169,37,7,0
183,66,192,103,0
201,153,140,53,0
94,107,23,145,0
125,6,121,88,0
130,14,160,110,0
10,55,83,22,0
169,80,7,44,0
84,156,146,100,0
136,9,26,1,1
186,212,15,29,0
202,98,137,82,0
219,159,50,59,0
226,73,74,63,0
45,117,193,140,0
118,88,95,147,0
169,69,13,64,0
220,98,149,85,0
187,121,46,116,0
206,73,36,65,0
94,115,23,103,0
108,134,131,168,0
142,87,80,55,0
112,116,128,140,0
117,45,140,193,0
161,9,61,1,0
133,129,89,62,0
32,153,76,52,0
117,227,140,109,0
143,226,107,71,0
203,152,79,120,0
144,226,118,71,1
218,68,201,190,0
42,44,5,7,0
9,28,3,8,0
45,78,177,30,0
125,181,118,39,0
201,3,135,26,0
2,76,36,111,0
36,152,51,105,0
55,196,35,45,0
102,169,13,14,0
187,212,64,28,0
207,80,18,37,0
108,34,125,107,1
66,201,114,135,0
66,201,114,135,0
171,108,96,125,1
66,211,120,63,0
171,193,101,134,1
66,193,120,134,0
171,36,101,59,0
196,65,35,93,1
211,36,62,57,0
17,146,179,196,0
73,142,77,76,1
206,87,40,49,1
129,211,63,62,1
36,66,57,118,1
152,87,103,49,1
206,153,40,66,1
211,227,62,108,1
226,129,67,63,1
226,87,67,49,1
60,161,13,43,0
65,155,88,51,0
98,202,91,118,1
102,191,14,3,0
130,138,161,156,0
162,219,42,75,0
10,19,116,64,0
28,216,6,11,0
62,91,99,89,0
87,126,63,104,0
90,159,64,55,0
103,49,52,33,0
153,61,62,53,0
186,115,26,98,0
36,190,61,70,0
93,51,19,18,0
143,78,100,41,0
169,191,16,3,0
66,3,120,37,0
76,107,122,125,0
127,123,166,195,0
161,28,43,6,0
190,36,70,61,0
196,54,34,25,0
203,206,101,47,0
211,32,67,86,0
213,180,64,60,0
14,5,133,202,1
108,201,116,129,0
114,146,176,180,0
160,149,198,191,0
196,187,36,61,0
108,193,116,128,0
20,69,2,61,0
82,166,157,152,0
14,37,138,93,1
119,142,122,62,1
28,60,7,13,1
49,161,23,44,1
65,115,94,104,0
118,203,123,95,0
170,182,29,54,1
164,121,27,127,0
60,162,13,48,1
125,227,108,115,1
136,219,16,77,1
165,94,8,34,1
169,197,22,15,1
77,164,4,27,1
54,51,30,27,1
94,93,34,20,1
165,13,8,10,1
70,197,17,15,0
93,165,20,8,1
68,127,186,173,0
123,140,196,203,1
200,198,144,105,0
61,87,43,66,0
211,108,65,88,0
2,142,37,53,0
65,130,117,176,0
116,106,149,79,0
207,170,19,38,0
190,133,64,104,0
6,125,132,129,0
78,171,35,121,0
16,106,126,79,0
107,164,96,16,0
121,187,125,59,0
226,108,91,88,0
51,207,15,19,0
212,94,30,23,0
17,24,183,192,0
19,70,70,7,0
67,93,135,19,0
136,91,14,84,0
196,147,40,26,0
219,9,46,1,0
27,6,97,134,0
102,191,13,11,0
162,9,25,1,0
180,12,52,45,0
207,212,21,29,0
78,211,43,65,0
156,106,110,86,0
185,127,155,158,0
32,190,67,62,0
73,142,108,58,0
3,36,35,59,0
96,220,181,141,0
19,122,57,145,0
12,104,45,56,0
25,60,75,19,0
44,216,4,9,0
54,14,33,133,0
107,169,83,32,0
114,128,176,165,0
116,63,143,81,0
127,1,158,149,0
156,16,110,126,0
190,78,62,43,0
106,98,104,113,0
147,20,20,4,0
192,123,194,196,1
44,42,5,6,0
203,45,93,143,1
36,226,59,94,0
76,138,122,173,0
129,73,58,110,0
146,114,186,175,1
164,187,15,52,0
13,186,30,26,0
54,55,40,50,0
73,45,110,143,1
102,77,13,2,0
106,116,104,149,0
143,190,95,62,0
149,150,166,116,0
159,136,63,17,0
202,12,146,40,0
206,133,38,115,0
163,185,124,171,0
163,96,124,179,0
220,96,129,179,0
36,227,65,102,0
32,36,53,62,1
73,88,108,68,0
3,227,39,103,1
129,61,64,35,1
167,138,85,164,0
73,32,108,53,0
73,36,108,62,0
181,3,33,39,1
217,76,61,121,1
211,129,73,64,1
181,36,33,62,1
163,127,124,161,0
16,200,127,133,0
98,12,122,55,1
108,211,88,74,0
153,181,41,28,1
219,162,59,18,0
87,73,70,87,1
119,203,92,101,1
5,67,200,82,0
20,80,5,46,0
53,65,114,119,0
169,55,39,48,0
227,226,109,90,0
1,220,156,136,1
13,69,34,99,0
16,185,127,163,0
91,49,65,19,0
134,45,146,142,0
170,20,60,5,0
190,6,62,147,0
183,134,196,160,0
32,22,35,83,0
22,32,83,35,0
68,188,181,180,0
78,22,45,83,0
62,91,107,68,1
156,198,118,77,0
66,211,125,71,0
73,226,86,99,0
181,211,27,71,0
55,77,51,3,0
101,138,55,161,0
68,149,181,162,0
69,120,108,186,0
92,106,148,109,0
104,198,45,77,0
191,44,10,5,0
49,159,19,59,0
60,219,24,58,1
170,42,63,4,0
155,54,87,44,0
201,117,139,140,0
138,76,161,122,0
96,166,175,133,0
98,104,120,45,1
146,225,169,124,0
155,196,87,34,0
159,91,59,69,0
202,213,127,75,0
220,106,131,109,0
165,136,8,17,1
36,12,32,48,1
77,42,3,4,1
42,12,4,48,1
6,201,141,139,1
126,134,117,150,1
227,125,115,97,1
126,6,117,141,1
201,134,139,150,1
49,37,26,100,1
136,103,16,76,1
37,91,100,72,1
201,171,114,127,0
184,181,83,27,0
103,62,76,103,1
125,143,89,97,0
203,22,109,93,0
171,201,127,114,0
34,193,121,164,0
22,203,93,109,0
226,66,92,136,0
32,78,47,50,0
61,142,25,60,0
119,3,83,48,1
98,198,102,80,1
16,106,124,108,0
80,65,38,98,0
108,133,82,86,1
185,92,171,146,0
216,9,17,3,0
219,44,69,8,0
96,68,175,181,0
143,108,104,82,0
181,32,31,47,0
70,122,10,136,0
36,153,35,38,0
9,219,3,69,0
13,76,37,112,0
32,181,47,31,0
44,28,8,1,0
49,136,21,14,0
127,92,166,146,0
129,142,65,60,0
163,225,127,146,0
185,208,171,141,0
188,150,155,123,0
9,162,4,12,0
25,28,46,2,0
130,121,191,120,0
198,12,75,50,1
219,216,68,16,0
51,69,18,87,0
49,91,21,74,0
67,115,93,148,0
201,126,125,116,0
211,78,71,52,0
55,169,26,41,0
107,10,126,83,0
69,207,87,27,0
1,106,158,110,1
104,90,40,48,0
122,31,101,38,0
162,44,12,10,0
225,163,128,123,1
20,136,5,16,0
91,12,69,43,0
164,216,6,17,0
45,125,127,103,1
73,129,92,72,0
126,117,117,146,0
150,162,122,10,0
206,119,28,87,0
226,36,77,42,0
22,201,79,136,0
78,61,52,30,0
80,51,47,18,0
76,19,107,91,0
98,198,80,77,0
102,196,15,25,0
73,27,92,147,0
77,70,1,7,0
146,163,176,116,0
167,94,97,21,0
170,191,65,8,0
200,225,123,112,0
220,1,121,154,0
149,65,156,84,0
119,201,77,142,1
211,34,74,138,1
108,119,111,77,0
188,68,148,178,1
171,119,120,77,1
218,68,185,178,0
66,211,145,74,1
149,188,156,148,1
16,112,115,188,0
16,98,115,79,1
106,119,107,88,0
213,180,73,63,1
112,213,189,73,0
167,16,102,115,1
98,213,79,73,1
156,213,101,73,1
65,196,89,18,1
153,171,51,113,1
6,32,141,44,1
142,193,39,124,0
144,226,111,72,1
32,36,44,45,1
14,138,118,166,1
119,193,89,124,1
125,203,109,128,1
67,115,97,131,1
127,140,178,189,0
77,191,1,6,0
104,129,55,67,1
181,217,27,72,1
212,180,35,69,1
10,65,91,86,0
45,108,132,105,1
167,198,101,74,1
18,23,152,184,0
151,52,116,182,0
12,44,37,13,1
55,42,12,10,0
98,198,83,74,0
106,220,117,113,0
114,17,183,197,0
211,126,78,123,0
112,61,160,46,0
45,183,142,194,1
165,206,4,14,0
10,130,98,185,1
125,183,114,194,1
126,27,119,142,1
212,142,30,42,1
122,181,83,28,0
186,147,29,19,0
207,206,37,14,1
44,61,16,46,1
6,126,138,119,1
196,55,23,12,0
20,165,3,4,0
191,197,8,6,0
18,21,158,169,0
102,147,20,19,0
10,138,98,173,1
170,207,66,37,0
121,115,133,139,0
19,93,79,49,0
94,78,22,47,0
164,42,8,9,0
196,162,24,11,0
165,191,4,10,1
9,94,5,22,1
28,197,2,6,1
55,12,12,36,1
104,181,61,27,1
191,142,10,41,1
55,70,12,7,1
197,49,6,23,1
118,184,151,113,0
5,213,130,77,1
18,103,160,54,0
18,52,160,181,0
66,34,151,148,0
68,188,165,143,0
77,70,15,1,0
115,5,129,130,0
16,163,113,115,0
165,51,7,4,0
217,198,95,73,0
140,84,186,190,0
57,194,177,153,1
102,164,21,18,0
185,134,169,155,0
128,192,150,200,1
45,36,149,47,0
73,34,86,148,0
190,119,74,101,0
144,226,117,76,0
211,201,82,140,0
116,156,79,84,1
182,169,36,28,0
5,107,130,116,0
130,14,184,105,0
112,98,159,89,0
180,25,70,59,0
138,19,175,78,0
44,9,14,11,1
106,156,110,84,0
2,106,57,110,0
102,212,20,29,0
66,108,149,107,0
170,196,46,15,0
70,94,1,36,0
91,213,62,77,1
115,107,131,118,0
156,163,85,114,1
169,182,27,35,0
14,130,108,183,0
65,93,98,49,0
19,138,80,173,0
180,98,71,89,0
187,53,61,86,0
20,147,1,17,0
96,92,164,143,0
156,60,85,58,1
196,186,15,26,0
126,36,125,50,0
34,129,148,63,0
183,190,189,73,0
5,76,133,92,0
107,115,117,132,0
217,116,94,82,1
187,155,62,48,0
53,31,86,45,0
104,219,50,29,0
156,198,84,74,0
213,25,81,59,0
102,165,19,7,0
218,149,162,155,0
144,88,109,119,0
138,122,171,84,0
77,147,14,15,0
31,187,45,62,0
5,115,133,132,0
120,10,182,101,0
94,167,36,96,1
165,164,7,21,0
130,67,183,95,0
98,25,89,59,0
106,180,112,72,0
153,211,44,79,0
190,161,73,31,0
207,212,38,27,0
163,202,116,121,0
96,163,160,116,0
127,202,167,118,0
202,127,118,167,0
127,220,167,100,0
95,156,97,82,1
213,16,79,113,0
94,196,37,14,1
213,202,79,118,0
65,94,96,37,1
25,151,60,128,0
77,182,16,31,0
112,146,158,161,0
101,187,92,63,0
165,212,6,30,0
28,159,3,76,1
152,61,109,57,0
14,121,108,132,0
165,182,6,31,0
91,60,63,58,1
213,198,67,83,0
197,55,8,10,0
155,196,48,14,0
183,143,190,117,1
143,126,117,128,1
114,192,184,202,0
219,60,29,59,1
122,125,86,107,0
207,217,39,85,0
161,91,36,61,0
200,1,120,149,0
121,122,132,86,0
155,169,50,25,0
153,227,42,110,0
208,211,136,79,1
218,68,166,165,0
3,34,70,136,1
17,114,188,184,0
36,129,51,62,1
219,162,33,21,1
78,190,50,72,1
201,227,131,109,1
161,167,36,55,1
28,219,3,33,0
9,161,11,36,1
216,104,8,28,1
62,103,69,54,1
87,125,71,108,1
206,6,25,123,1
60,104,60,28,1
78,22,50,88,1
211,227,80,109,1
206,129,25,62,1
133,6,103,123,1
36,78,51,50,1
22,88,88,118,1
133,206,103,25,1
22,36,88,51,1
95,198,101,85,0
68,188,167,140,1
160,68,171,167,1
63,118,141,153,0
27,226,147,81,0
41,63,175,139,0
201,108,137,107,0
22,203,82,128,0
108,201,107,137,0
144,45,121,146,0
58,85,155,144,0
34,201,148,137,0
66,117,150,144,0
9,42,10,14,1
180,129,68,59,0
35,92,170,139,0
16,98,109,77,0
185,225,162,142,0
202,220,115,97,0
28,44,2,8,1
142,32,41,61,0
53,107,93,112,0
45,203,146,128,0
27,126,147,126,0
108,211,107,80,0
76,55,94,13,0
196,155,18,50,0
80,120,54,182,0
117,66,144,150,0
98,217,77,84,1
14,51,109,7,0
164,13,20,27,0
44,219,8,26,1
212,153,25,33,0
225,180,142,68,1
167,95,62,103,0
193,41,129,175,0
3,142,38,39,0
133,129,105,57,0
27,118,148,152,0
106,185,98,157,0
77,9,16,10,0
19,65,82,102,0
28,181,3,20,1
152,226,107,81,0
90,49,86,43,0
106,112,98,156,0
142,119,39,102,0
155,191,47,7,0
120,10,182,96,0
44,42,9,17,1
206,36,29,53,0
22,226,83,81,0
28,153,3,34,1
63,203,134,124,0
117,126,137,124,0
186,161,29,40,0
70,207,2,36,0
171,201,130,135,0
196,191,18,7,0
169,155,31,47,0
23,85,167,133,0
112,208,156,131,0
133,119,105,102,0
162,216,19,6,0
58,141,155,187,0
95,17,104,187,0
171,66,130,151,0
117,227,137,118,0
32,78,61,51,0
151,52,137,179,0
32,211,60,79,0
184,117,117,138,0
129,87,59,78,0
61,108,49,108,0
207,94,32,40,0
2,5,65,136,0
35,140,172,186,0
92,16,145,101,0
1,95,149,106,1
142,133,42,105,0
227,27,117,146,0
182,212,33,22,0
49,90,47,88,0
45,61,142,49,0
108,203,108,124,0
103,89,45,174,0
9,216,9,5,1
180,161,69,41,0
98,16,74,101,1
220,202,97,109,0
156,16,84,101,1
225,98,144,70,1
98,16,70,100,1
77,191,15,8,0
187,80,64,54,0
115,5,137,135,0
197,77,12,15,0
182,207,29,29,0
130,115,184,137,0
101,186,93,32,0
151,85,151,130,0
77,207,14,32,0
165,191,5,7,0
190,144,71,117,0
161,162,40,22,0
104,36,28,53,1
67,115,107,137,0
5,130,137,186,0
91,151,62,151,0
164,102,19,12,0
70,165,2,5,0
170,207,32,32,0
10,76,101,89,1
107,2,118,66,0
121,19,131,87,0
126,227,123,111,0
203,193,126,128,1
77,197,14,15,0
14,53,112,98,1
120,178,180,210,0
136,3,11,35,1
153,206,29,26,1
42,44,17,10,0
102,147,12,13,0
170,93,32,52,0
207,182,32,31,0
65,10,108,101,0
121,2,131,66,0
66,193,146,128,0
147,191,15,6,0
187,14,62,114,0
207,51,33,9,0
106,98,97,70,1
138,170,175,34,0
9,161,8,35,0
49,167,50,57,1
197,191,16,6,0
115,67,142,107,0
178,79,210,195,0
93,182,47,30,0
122,14,95,114,0
130,67,180,107,0
79,120,195,181,0
17,146,187,170,0
161,25,35,79,0
13,155,25,43,0
76,65,86,109,0
80,187,54,62,0
213,98,74,69,0
58,182,159,30,0
159,182,78,30,0
156,106,81,95,1
19,91,88,64,0
70,212,2,24,0
53,186,100,34,0
211,32,83,58,0
95,156,104,81,1
191,80,6,53,0
138,67,177,107,0
93,164,40,19,0
190,78,71,52,0
45,203,130,128,0
108,61,104,49,0
226,3,90,31,0
133,142,101,33,0
146,17,171,186,0
182,165,30,5,0
54,20,42,1,0
186,130,34,176,0
117,184,143,116,0
141,62,183,70,1
212,69,24,55,0
112,116,148,92,1
207,115,32,136,0
36,171,50,133,0
125,152,94,113,0
80,76,53,89,0
212,107,24,122,0
212,16,24,99,0
98,200,68,121,0
185,1,159,149,1
202,200,106,121,1
106,220,95,92,1
207,87,29,72,0
51,10,14,90,0
164,170,21,38,0
186,31,36,71,1
77,55,12,10,1
20,80,1,51,0
17,1,184,149,1
202,96,106,173,1
216,161,9,35,0
9,42,8,19,0
191,165,6,5,0
58,18,156,162,0
13,186,23,36,0
5,79,158,195,0
182,103,25,45,1
22,226,82,87,0
36,153,55,32,1
164,94,21,52,0
23,39,168,194,1
18,57,162,188,1
44,9,15,8,0
219,216,30,9,0
42,25,19,81,0
112,106,148,95,0
136,91,11,67,1
191,196,6,18,0
9,42,8,19,1
163,128,125,155,1
95,1,105,149,1
44,219,15,30,1
51,54,14,40,1
191,164,6,21,0
93,70,37,2,0
219,60,30,53,1
216,42,9,19,1
77,93,12,37,0
165,70,5,2,1
60,162,53,27,1
28,60,3,53,0
62,85,69,127,1
143,227,117,107,1
126,227,115,107,1
126,144,115,111,1
167,159,58,78,1
190,226,75,87,0
62,49,64,44,1
66,184,137,106,0
88,87,109,76,1
107,212,124,25,0
155,147,43,12,0
187,186,66,38,0
170,51,41,18,0
146,95,168,105,0
108,211,104,84,0
213,116,68,98,0
102,31,5,75,0
25,44,82,15,0
162,216,22,13,0
37,91,59,63,0
159,49,74,44,0
227,190,108,73,0
212,70,25,3,0
171,108,127,104,0
73,61,85,46,0
197,102,14,5,0
60,42,55,20,0
161,44,33,15,0
62,91,64,63,0
211,129,84,60,0
122,167,96,42,0
32,3,62,30,1
198,213,80,68,1
54,212,31,25,0
85,151,125,143,0
10,120,88,189,0
49,103,44,50,0
159,136,74,9,0
17,95,189,107,1
193,87,127,76,1
98,116,72,97,1
91,49,63,44,0
136,37,9,51,0
161,9,35,6,0
216,44,12,16,0
95,192,107,205,1
207,155,41,39,0
94,10,60,89,0
87,193,76,127,1
103,37,59,51,0
226,63,85,131,0
133,206,104,25,0
44,28,16,2,0
53,130,103,171,0
51,186,17,38,0
213,98,69,72,0
17,146,189,168,1
44,60,16,52,0
192,128,204,156,0
17,183,187,199,1
212,31,26,70,0
211,108,82,104,0
66,78,137,52,1
203,181,134,20,0
98,198,72,85,1
12,180,34,49,0
186,187,40,64,0
169,94,41,62,0
32,152,61,121,1
6,61,129,44,0
87,88,79,109,0
62,103,65,59,0
102,197,4,14,0
155,115,37,136,0
14,167,119,46,0
227,66,118,137,0
125,201,99,130,0
121,112,135,142,0
88,193,109,123,1
128,183,156,199,1
3,32,30,61,0
133,63,102,126,0
119,6,112,129,0
44,161,16,38,0
9,28,6,2,0
98,156,75,78,1
16,98,90,75,1
62,60,69,46,1
3,61,32,45,1
136,42,14,24,1
133,32,103,60,1
193,227,125,121,1
133,73,103,89,1
193,88,125,106,1
3,184,29,108,1
94,211,62,82,1
181,87,20,81,1
73,78,89,52,1
162,159,22,63,0
32,66,60,137,1
126,181,129,20,1
73,142,89,28,1
60,28,46,2,0
136,49,14,49,0
151,21,143,170,0
116,98,95,75,0
156,12,79,35,0
162,60,22,46,0
134,183,176,196,0
79,82,203,169,0
143,152,117,114,1
183,117,196,146,1
103,62,62,70,0
159,91,63,78,0
65,53,106,105,0
78,153,61,32,0
115,112,135,143,1
190,87,68,81,1
51,187,15,64,1
69,94,57,60,1
79,67,203,124,0
153,78,32,61,0
206,129,36,48,0
198,98,91,74,1
104,220,23,98,0
60,9,44,4,0
2,76,65,86,0
6,63,127,99,1
17,140,186,184,0
101,169,77,47,0
147,77,10,11,0
167,187,52,64,0
201,193,132,133,0
203,22,126,83,1
136,85,9,118,1
66,117,140,145,0
66,117,140,145,0
96,17,159,188,0
112,185,146,158,1
143,171,119,136,1
7,57,210,184,0
191,165,7,8,0
101,94,76,63,0
144,34,112,139,1
152,201,116,130,1
194,103,141,64,0
23,90,167,90,0
102,77,6,12,0
125,6,102,126,0
27,206,148,35,0
57,7,184,210,1
54,191,33,7,0
136,60,9,46,1
51,70,16,3,0
94,2,63,66,0
19,14,93,129,1
5,138,153,180,0
82,62,170,74,0
163,225,133,151,1
211,152,86,116,0
73,133,81,113,0
155,187,41,65,0
79,31,203,73,0
150,156,101,75,1
58,85,155,118,0
13,70,34,3,0
19,107,93,125,1
93,77,40,12,0
147,164,10,26,0
187,182,65,25,0
76,31,85,73,0
184,88,108,115,1
94,101,63,76,0
2,65,66,110,0
1,35,150,171,1
103,136,64,9,0
122,67,94,124,0
